<?xml version="1.0" encoding="UTF-8"?>
<project-private xmlns="http://www.netbeans.org/ns/project-private/1">
    <editor-bookmarks xmlns="http://www.netbeans.org/ns/editor-bookmarks/2" lastBookmarkId="0"/>
    <open-files xmlns="http://www.netbeans.org/ns/projectui-open-files/2">
        <group>
            <file>file:/Users/gerardoherreragomez/Desktop/Colegio/src/Interfaces/FrmConsultarAlumno.java</file>
            <file>file:/Users/gerardoherreragomez/Desktop/Colegio/src/Interfaces/FrmVerMatriculas.java</file>
            <file>file:/Users/gerardoherreragomez/Desktop/Colegio/src/Interfaces/FrmListarAlumnos.java</file>
            <file>file:/Users/gerardoherreragomez/Desktop/Colegio/src/Interfaces/FrmAgregarCurso.java</file>
            <file>file:/Users/gerardoherreragomez/Desktop/Colegio/src/Interfaces/FrmMatriculas.java</file>
            <file>file:/Users/gerardoherreragomez/Desktop/Colegio/src/Interfaces/FrmAgregarAlumno.java</file>
            <file>file:/Users/gerardoherreragomez/Desktop/Colegio/src/colegio/Matricula.java</file>
        </group>
    </open-files>
</project-private>
